{"stats":{"minecraft:picked_up":{"minecraft:oak_log":9,"minecraft:wheat_seeds":1,"minecraft:dirt":3},"minecraft:custom":{"minecraft:jump":20,"minecraft:time_since_rest":3004,"minecraft:damage_dealt":38,"minecraft:crouch_one_cm":393,"minecraft:sprint_one_cm":4476,"minecraft:play_time":3004,"minecraft:damage_taken":30,"minecraft:time_since_death":3004,"minecraft:walk_one_cm":7071,"minecraft:sneak_time":128,"minecraft:total_world_time":3004,"minecraft:drop":1,"minecraft:fly_one_cm":1262},"minecraft:dropped":{"minecraft:wheat_seeds":1},"minecraft:mined":{"minecraft:grass":1,"minecraft:oak_log":9,"minecraft:grass_block":3,"minecraft:birch_leaves":2,"minecraft:oak_leaves":8}},"DataVersion":3465}