{"stats":{"minecraft:picked_up":{"minecraft:birch_log":3,"minecraft:stick":4,"minecraft:salmon":1,"minecraft:wheat_seeds":1,"minecraft:oak_log":10,"minecraft:oak_sapling":1,"minecraft:dirt":3},"minecraft:used":{"minecraft:oak_sapling":1},"minecraft:killed_by":{"minecraft:enderman":1},"minecraft:custom":{"minecraft:time_since_rest":2535,"minecraft:deaths":1,"minecraft:crouch_one_cm":854,"minecraft:play_time":9611,"minecraft:sprint_one_cm":18687,"minecraft:damage_taken":325,"minecraft:walk_one_cm":34247,"minecraft:sneak_time":271,"minecraft:walk_under_water_one_cm":1469,"minecraft:mob_kills":2,"minecraft:drop":6,"minecraft:jump":163,"minecraft:damage_dealt":376,"minecraft:leave_game":1,"minecraft:walk_on_water_one_cm":635,"minecraft:time_since_death":2501,"minecraft:total_world_time":9611,"minecraft:swim_one_cm":2438,"minecraft:fall_one_cm":5020,"minecraft:fly_one_cm":15505},"minecraft:killed":{"minecraft:bee":1,"minecraft:salmon":1},"minecraft:dropped":{"minecraft:wheat_seeds":1,"minecraft:oak_log":1,"minecraft:birch_log":1,"minecraft:stick":3},"minecraft:mined":{"minecraft:grass":2,"minecraft:grass_block":3,"minecraft:oak_log":10,"minecraft:birch_log":2,"minecraft:birch_leaves":5,"minecraft:bee_nest":1,"minecraft:oak_leaves":22}},"DataVersion":3465}