{"stats":{"minecraft:picked_up":{"minecraft:birch_log":6,"minecraft:wheat_seeds":1,"minecraft:oak_log":2,"minecraft:mutton":2,"minecraft:dirt":12,"minecraft:string":2,"minecraft:white_wool":1},"minecraft:used":{"minecraft:oak_log":2,"minecraft:birch_log":1},"minecraft:killed_by":{"minecraft:zombie":1},"minecraft:custom":{"minecraft:time_since_rest":11495,"minecraft:deaths":1,"minecraft:play_time":18929,"minecraft:sprint_one_cm":29052,"minecraft:damage_taken":293,"minecraft:walk_one_cm":44865,"minecraft:sneak_time":13,"minecraft:mob_kills":2,"minecraft:jump":131,"minecraft:damage_dealt":267,"minecraft:leave_game":1,"minecraft:time_since_death":11461,"minecraft:total_world_time":18929,"minecraft:fall_one_cm":3616,"minecraft:fly_one_cm":14882},"minecraft:killed":{"minecraft:sheep":1,"minecraft:spider":1},"minecraft:mined":{"minecraft:grass":2,"minecraft:grass_block":12,"minecraft:oak_log":2,"minecraft:birch_log":6,"minecraft:birch_leaves":1,"minecraft:oak_leaves":1}},"DataVersion":3465}