{"stats":{"minecraft:picked_up":{"minecraft:birch_log":6,"minecraft:wheat_seeds":1,"minecraft:oak_log":2,"minecraft:mutton":2,"minecraft:string":2,"minecraft:white_wool":1},"minecraft:used":{"minecraft:oak_log":2,"minecraft:birch_log":1},"minecraft:killed_by":{"minecraft:zombie":1},"minecraft:custom":{"minecraft:time_since_rest":397,"minecraft:deaths":1,"minecraft:play_time":7831,"minecraft:sprint_one_cm":27797,"minecraft:damage_taken":235,"minecraft:walk_one_cm":33555,"minecraft:mob_kills":2,"minecraft:jump":106,"minecraft:damage_dealt":237,"minecraft:time_since_death":363,"minecraft:total_world_time":7831,"minecraft:fall_one_cm":3132,"minecraft:fly_one_cm":13412},"minecraft:killed":{"minecraft:sheep":1,"minecraft:spider":1},"minecraft:mined":{"minecraft:grass":2,"minecraft:oak_log":2,"minecraft:birch_log":6,"minecraft:birch_leaves":1,"minecraft:oak_leaves":1}},"DataVersion":3465}